source,target,weight,similarity_metric,edge_threshold_quantile,edge_threshold_value
Intergovernmental Oceanographic Commission (IOC),Food and Agriculture Organization of the United Nations (FAO),0.8987360550098078,cosine,0.9,0.8605916816926672
Intergovernmental Oceanographic Commission (IOC),Convention on the Intergovernmental Maritime Consultative Organization (IMO) Secretariat,0.8840962177466187,cosine,0.9,0.8605916816926672
Intergovernmental Oceanographic Commission (IOC),Climate Change Secretariat,0.8729235372894921,cosine,0.9,0.8605916816926672
Intergovernmental Oceanographic Commission (IOC),United Nations Environment Programme (UNEP),0.8688942086171584,cosine,0.9,0.8605916816926672
Intergovernmental Oceanographic Commission (IOC),United Nations Children’s Fund (UNICEF) ,0.9037889630036244,cosine,0.9,0.8605916816926672
Intergovernmental Oceanographic Commission (IOC),World Health Organization (WHO) ,0.9179873784350951,cosine,0.9,0.8605916816926672
Intergovernmental Oceanographic Commission (IOC), International Council for the Exploration of the Sea (ICES),0.893574445671608,cosine,0.9,0.8605916816926672
Intergovernmental Oceanographic Commission (IOC),IPCC,0.8754804003710556,cosine,0.9,0.8605916816926672
Intergovernmental Oceanographic Commission (IOC),World Trade Organization (WTO) ,0.8738230426874083,cosine,0.9,0.8605916816926672
Intergovernmental Oceanographic Commission (IOC),"International Organization for Migration (IOM)

",0.9090486897667485,cosine,0.9,0.8605916816926672
Intergovernmental Oceanographic Commission (IOC),UN Entity for Gender Equality and the Empowerment of Women (UN-Women),0.866016499307753,cosine,0.9,0.8605916816926672
Intergovernmental Oceanographic Commission (IOC),Minamata Convention on Mercury (Minamata),0.8725145477246988,cosine,0.9,0.8605916816926672
Intergovernmental Oceanographic Commission (IOC),United Nations Office for Outer Space Affairs (UNOOSA),0.8768179353713494,cosine,0.9,0.8605916816926672
Food and Agriculture Organization of the United Nations (FAO),Convention on the Intergovernmental Maritime Consultative Organization (IMO) Secretariat,0.8843912676645296,cosine,0.9,0.8605916816926672
Food and Agriculture Organization of the United Nations (FAO),United Nations Office for Disaster Risk Reduction (UNDRR),0.8828400906962296,cosine,0.9,0.8605916816926672
Food and Agriculture Organization of the United Nations (FAO),World Trade Organization (WTO) ,0.8664961167107885,cosine,0.9,0.8605916816926672
Convention on the Intergovernmental Maritime Consultative Organization (IMO) Secretariat,International Seabed Authority,0.8677134397667474,cosine,0.9,0.8605916816926672
Convention on the Intergovernmental Maritime Consultative Organization (IMO) Secretariat,United Nations Children’s Fund (UNICEF) ,0.8917563734634703,cosine,0.9,0.8605916816926672
Convention on the Intergovernmental Maritime Consultative Organization (IMO) Secretariat,United Nations Office for Disaster Risk Reduction (UNDRR),0.8853420465136794,cosine,0.9,0.8605916816926672
Convention on the Intergovernmental Maritime Consultative Organization (IMO) Secretariat,International Atomic Energy Agency (IAEA),0.9040613542048362,cosine,0.9,0.8605916816926672
Convention on the Intergovernmental Maritime Consultative Organization (IMO) Secretariat,World Meteorological Organization (WMO),0.8815409264032013,cosine,0.9,0.8605916816926672
Convention on the Intergovernmental Maritime Consultative Organization (IMO) Secretariat,International Hydrographic Organization (IHO) ,0.8882139643711293,cosine,0.9,0.8605916816926672
Convention on the Intergovernmental Maritime Consultative Organization (IMO) Secretariat,World Trade Organization (WTO) ,0.9186510188700883,cosine,0.9,0.8605916816926672
Convention on the Intergovernmental Maritime Consultative Organization (IMO) Secretariat,Ramsar Convention on Wetlands Secretariat (Ramsar) ,0.8816828465409663,cosine,0.9,0.8605916816926672
Climate Change Secretariat,United Nations Environment Programme (UNEP),0.9157682501035556,cosine,0.9,0.8605916816926672
Climate Change Secretariat,International Labour Organization (ILO),0.8795544769733733,cosine,0.9,0.8605916816926672
Climate Change Secretariat, International Telecommunication Union (ITU),0.9106001024510435,cosine,0.9,0.8605916816926672
Climate Change Secretariat,IPCC,0.8675952803859568,cosine,0.9,0.8605916816926672
Climate Change Secretariat,World Tourism Organization/UN Tourism (UNWTO),0.8743468868131324,cosine,0.9,0.8605916816926672
Climate Change Secretariat,Secretariat of the United Nations Convention to Combat Desertification (UNCCD),0.8660865987673521,cosine,0.9,0.8605916816926672
International Seabed Authority,United Nations Conference on Trade and Development (UNCTAD),0.8729737054680926,cosine,0.9,0.8605916816926672
International Seabed Authority,International Atomic Energy Agency (IAEA),0.8740785799234135,cosine,0.9,0.8605916816926672
United Nations Environment Programme (UNEP),"United Nations Industrial Development Organization (UNIDO),",0.9035452033073575,cosine,0.9,0.8605916816926672
United Nations Environment Programme (UNEP),International Labour Organization (ILO),0.9171376937218341,cosine,0.9,0.8605916816926672
United Nations Environment Programme (UNEP), International Telecommunication Union (ITU),0.8905218525512202,cosine,0.9,0.8605916816926672
United Nations Environment Programme (UNEP),United Nations Children’s Fund (UNICEF) ,0.8845256919148919,cosine,0.9,0.8605916816926672
United Nations Environment Programme (UNEP),World Health Organization (WHO) ,0.8732910141061616,cosine,0.9,0.8605916816926672
United Nations Environment Programme (UNEP),World Tourism Organization/UN Tourism (UNWTO),0.8783492867862721,cosine,0.9,0.8605916816926672
United Nations Development Programme (UNDP),UN Global Compact Office,0.8617641709916801,cosine,0.9,0.8605916816926672
United Nations Development Programme (UNDP), World Bank Group (WBG) ,0.8917975329487148,cosine,0.9,0.8605916816926672
United Nations Development Programme (UNDP),UN Population Fund (UNFPA),0.9122834049983113,cosine,0.9,0.8605916816926672
United Nations Development Programme (UNDP),"
International Trade Centre (ITC)",0.8777769328069353,cosine,0.9,0.8605916816926672
United Nations Conference on Trade and Development (UNCTAD),"United Nations Industrial Development Organization (UNIDO),",0.8652045143034061,cosine,0.9,0.8605916816926672
"United Nations Industrial Development Organization (UNIDO),",International Labour Organization (ILO),0.932383590967831,cosine,0.9,0.8605916816926672
"United Nations Industrial Development Organization (UNIDO),", International Telecommunication Union (ITU),0.9213282818693832,cosine,0.9,0.8605916816926672
International Labour Organization (ILO), International Telecommunication Union (ITU),0.8771282483824808,cosine,0.9,0.8605916816926672
International Labour Organization (ILO),World Tourism Organization/UN Tourism (UNWTO),0.8684871746040875,cosine,0.9,0.8605916816926672
United Nations Children’s Fund (UNICEF) ,World Health Organization (WHO) ,0.9139046961447824,cosine,0.9,0.8605916816926672
United Nations Children’s Fund (UNICEF) ,International Atomic Energy Agency (IAEA),0.8900168229474972,cosine,0.9,0.8605916816926672
United Nations Children’s Fund (UNICEF) ,World Meteorological Organization (WMO),0.8844879575083372,cosine,0.9,0.8605916816926672
United Nations Children’s Fund (UNICEF) , International Council for the Exploration of the Sea (ICES),0.8888211625297597,cosine,0.9,0.8605916816926672
United Nations Children’s Fund (UNICEF) ,World Trade Organization (WTO) ,0.8729710509559692,cosine,0.9,0.8605916816926672
United Nations Children’s Fund (UNICEF) ,UN Population Fund (UNFPA),0.8857722439843704,cosine,0.9,0.8605916816926672
United Nations Children’s Fund (UNICEF) ,World Food Programme (WFP),0.864466842269459,cosine,0.9,0.8605916816926672
United Nations Children’s Fund (UNICEF) ,World Tourism Organization/UN Tourism (UNWTO),0.8905912089289213,cosine,0.9,0.8605916816926672
United Nations Children’s Fund (UNICEF) ,Secretariat of the United Nations Convention to Combat Desertification (UNCCD),0.8791905372245118,cosine,0.9,0.8605916816926672
United Nations Children’s Fund (UNICEF) ,Minamata Convention on Mercury (Minamata),0.8731157982022016,cosine,0.9,0.8605916816926672
World Health Organization (WHO) , International Council for the Exploration of the Sea (ICES),0.8632078344055237,cosine,0.9,0.8605916816926672
World Health Organization (WHO) ,IPCC,0.8701282842612825,cosine,0.9,0.8605916816926672
World Health Organization (WHO) ,"International Organization for Migration (IOM)

",0.9146065223999867,cosine,0.9,0.8605916816926672
World Health Organization (WHO) ,UN Entity for Gender Equality and the Empowerment of Women (UN-Women),0.864450611977101,cosine,0.9,0.8605916816926672
World Health Organization (WHO) ,World Food Programme (WFP),0.8819548842137223,cosine,0.9,0.8605916816926672
World Health Organization (WHO) ,World Tourism Organization/UN Tourism (UNWTO),0.9202870229441585,cosine,0.9,0.8605916816926672
World Health Organization (WHO) ,Secretariat of the United Nations Convention to Combat Desertification (UNCCD),0.9187429147101104,cosine,0.9,0.8605916816926672
World Health Organization (WHO) ,United Nations Office on Drugs and Crime (UNODC),0.8675886840786436,cosine,0.9,0.8605916816926672
"Commissioner for Refugees (UNHCR), and the Office of the United Nations High Commissioner for Human Rights (OHCHR)",UN Entity for Gender Equality and the Empowerment of Women (UN-Women),0.867457149963051,cosine,0.9,0.8605916816926672
United Nations Office for Disaster Risk Reduction (UNDRR),International Atomic Energy Agency (IAEA),0.8679033892178344,cosine,0.9,0.8605916816926672
United Nations Office for Disaster Risk Reduction (UNDRR),World Trade Organization (WTO) ,0.8716566502123487,cosine,0.9,0.8605916816926672
United Nations Office for Disaster Risk Reduction (UNDRR),United Nations Human Settlements Programme (UN-Habitat),0.8698106074896527,cosine,0.9,0.8605916816926672
International Atomic Energy Agency (IAEA),World Meteorological Organization (WMO),0.9319646907518678,cosine,0.9,0.8605916816926672
International Atomic Energy Agency (IAEA),International Hydrographic Organization (IHO) ,0.9576047374100743,cosine,0.9,0.8605916816926672
International Atomic Energy Agency (IAEA), International Council for the Exploration of the Sea (ICES),0.8682281508046146,cosine,0.9,0.8605916816926672
International Atomic Energy Agency (IAEA),World Trade Organization (WTO) ,0.8990117139564241,cosine,0.9,0.8605916816926672
International Atomic Energy Agency (IAEA),World Intellectual Property Organisation (WIPO),0.883993098643656,cosine,0.9,0.8605916816926672
International Atomic Energy Agency (IAEA),"Secretariat of the Basel, Rotterdam and Stockholm Conventions (BRS)


",0.8652601685043206,cosine,0.9,0.8605916816926672
International Atomic Energy Agency (IAEA),Minamata Convention on Mercury (Minamata),0.8646369007837921,cosine,0.9,0.8605916816926672
World Meteorological Organization (WMO),International Hydrographic Organization (IHO) ,0.9420497435452666,cosine,0.9,0.8605916816926672
World Meteorological Organization (WMO),World Trade Organization (WTO) ,0.8874781043527542,cosine,0.9,0.8605916816926672
World Meteorological Organization (WMO),"Secretariat of the Basel, Rotterdam and Stockholm Conventions (BRS)


",0.927373251103075,cosine,0.9,0.8605916816926672
World Meteorological Organization (WMO),Minamata Convention on Mercury (Minamata),0.8872793473111104,cosine,0.9,0.8605916816926672
Organisation for Economic Co-operation and Development (OECD),United Nations Office on Drugs and Crime (UNODC),0.8607693689960585,cosine,0.9,0.8605916816926672
 World Bank Group (WBG) ,UN Population Fund (UNFPA),0.8657543779579404,cosine,0.9,0.8605916816926672
International Hydrographic Organization (IHO) , International Council for the Exploration of the Sea (ICES),0.8916596678728,cosine,0.9,0.8605916816926672
International Hydrographic Organization (IHO) ,World Trade Organization (WTO) ,0.9136761612512886,cosine,0.9,0.8605916816926672
International Hydrographic Organization (IHO) ,Minamata Convention on Mercury (Minamata),0.8700845238578779,cosine,0.9,0.8605916816926672
 International Council for the Exploration of the Sea (ICES),IPCC,0.8639892316844486,cosine,0.9,0.8605916816926672
 International Council for the Exploration of the Sea (ICES),World Trade Organization (WTO) ,0.9029819101537717,cosine,0.9,0.8605916816926672
 International Council for the Exploration of the Sea (ICES),"International Organization for Migration (IOM)

",0.9169125467927003,cosine,0.9,0.8605916816926672
 International Council for the Exploration of the Sea (ICES),UN Entity for Gender Equality and the Empowerment of Women (UN-Women),0.8769682567691633,cosine,0.9,0.8605916816926672
 International Council for the Exploration of the Sea (ICES),"Secretariat of the Convention on Biological Diversity (CBD)

",0.878719731846592,cosine,0.9,0.8605916816926672
 International Council for the Exploration of the Sea (ICES),Minamata Convention on Mercury (Minamata),0.8638159735961249,cosine,0.9,0.8605916816926672
IPCC,"International Organization for Migration (IOM)

",0.8985848456460007,cosine,0.9,0.8605916816926672
IPCC,UN Entity for Gender Equality and the Empowerment of Women (UN-Women),0.8944735859892596,cosine,0.9,0.8605916816926672
IPCC,"Secretariat of the Convention on Biological Diversity (CBD)

",0.8854209450003312,cosine,0.9,0.8605916816926672
IPCC,Secretariat of the United Nations Convention to Combat Desertification (UNCCD),0.903348598086462,cosine,0.9,0.8605916816926672
IPCC,United Nations Office for Outer Space Affairs (UNOOSA),0.8959088025157753,cosine,0.9,0.8605916816926672
World Trade Organization (WTO) ,Ramsar Convention on Wetlands Secretariat (Ramsar) ,0.8767597815710902,cosine,0.9,0.8605916816926672
World Trade Organization (WTO) ,Minamata Convention on Mercury (Minamata),0.862879414634206,cosine,0.9,0.8605916816926672
"International Organization for Migration (IOM)

",UN Entity for Gender Equality and the Empowerment of Women (UN-Women),0.9013078366202021,cosine,0.9,0.8605916816926672
"International Organization for Migration (IOM)

","Secretariat of the Convention on Biological Diversity (CBD)

",0.8689591539644693,cosine,0.9,0.8605916816926672
"International Organization for Migration (IOM)

",Secretariat of the United Nations Convention to Combat Desertification (UNCCD),0.8697339672134331,cosine,0.9,0.8605916816926672
UN Entity for Gender Equality and the Empowerment of Women (UN-Women),World Tourism Organization/UN Tourism (UNWTO),0.8624023498684684,cosine,0.9,0.8605916816926672
UN Entity for Gender Equality and the Empowerment of Women (UN-Women),Secretariat of the United Nations Convention to Combat Desertification (UNCCD),0.8880989890136822,cosine,0.9,0.8605916816926672
World Intellectual Property Organisation (WIPO),World Tourism Organization/UN Tourism (UNWTO),0.8721159785066044,cosine,0.9,0.8605916816926672
World Intellectual Property Organisation (WIPO),United Nations Office for Outer Space Affairs (UNOOSA),0.8691596480540743,cosine,0.9,0.8605916816926672
UN Population Fund (UNFPA),"
International Trade Centre (ITC)",0.8967369859433526,cosine,0.9,0.8605916816926672
World Food Programme (WFP),World Tourism Organization/UN Tourism (UNWTO),0.9040305171214006,cosine,0.9,0.8605916816926672
World Food Programme (WFP),International Fund for Agricultural Development (IFAD),0.9307602297535186,cosine,0.9,0.8605916816926672
World Tourism Organization/UN Tourism (UNWTO),Secretariat of the United Nations Convention to Combat Desertification (UNCCD),0.902112525305402,cosine,0.9,0.8605916816926672
World Tourism Organization/UN Tourism (UNWTO),United Nations Office for Outer Space Affairs (UNOOSA),0.8665909040043265,cosine,0.9,0.8605916816926672
"Secretariat of the Basel, Rotterdam and Stockholm Conventions (BRS)


","
Secretariat of the Convention on International Trade in Endangered Species of Wild Fauna and Flora (CITES)

",0.8893183515555306,cosine,0.9,0.8605916816926672
"
Secretariat of the Convention on Migratory Species (CMS)",United Nations Office for Outer Space Affairs (UNOOSA),0.8918487931070663,cosine,0.9,0.8605916816926672
Secretariat of the United Nations Convention to Combat Desertification (UNCCD),United Nations Office for Outer Space Affairs (UNOOSA),0.8786813042237949,cosine,0.9,0.8605916816926672
