IGO,degree,strength,eigenvector,betweenness,community,rank_eigenvector,similarity_metric,edge_threshold_quantile,edge_threshold_value
Intergovernmental Oceanographic Commission (IOC),13,11.513701921002417,1.0,0.08973172987974098,2,1,cosine,0.9,0.8605916816926672
Food and Agriculture Organization of the United Nations (FAO),4,3.5324635300813556,0.3290565462940252,0.016651248843663275,1,19,cosine,0.9,0.8605916816926672
Convention on the Intergovernmental Maritime Consultative Organization (IMO) Secretariat,10,8.887449455545267,0.6631651846046804,0.06753006475485662,1,8,cosine,0.9,0.8605916816926672
Division for Ocean Affairs and the Law of the Sea (UN DOALOS),0,0.0,0.0,0.0,5,43,cosine,0.9,0.8605916816926672
Climate Change Secretariat,7,6.186875132783906,0.4474110677896333,0.02590194264569843,3,17,cosine,0.9,0.8605916816926672
International Seabed Authority,3,2.6147657251582537,0.1641277271778156,0.01387604070305273,3,26,cosine,0.9,0.8605916816926672
United Nations Environment Programme (UNEP),8,7.132033201108451,0.5182828562168865,0.07678075855689177,3,16,cosine,0.9,0.8605916816926672
United Nations Development Programme (UNDP),4,3.543622041745641,0.019469435307502135,0.037927844588344126,4,37,cosine,0.9,0.8605916816926672
United Nations Conference on Trade and Development (UNCTAD),2,1.7381782197714988,0.03249037741722067,0.002775208140610546,3,36,cosine,0.9,0.8605916816926672
"United Nations Industrial Development Organization (UNIDO),",4,3.622461590447978,0.11379477260496856,0.0240518038852914,3,30,cosine,0.9,0.8605916816926672
International Labour Organization (ILO),5,4.474691184649607,0.22062147593769899,0.01572617946345976,3,23,cosine,0.9,0.8605916816926672
 International Telecommunication Union (ITU),4,3.5995784852541277,0.15689232482618193,0.004625346901017576,3,27,cosine,0.9,0.8605916816926672
United Nations Children’s Fund (UNICEF) ,13,11.523409349077797,0.985532809921904,0.2784458834412581,1,2,cosine,0.9,0.8605916816926672
World Health Organization (WHO) ,11,9.806149847676567,0.8313445188526842,0.11563367252543941,2,4,cosine,0.9,0.8605916816926672
"Commissioner for Refugees (UNHCR), and the Office of the United Nations High Commissioner for Human Rights (OHCHR)",1,0.867457149963051,0.07281095647790617,0.0,2,32,cosine,0.9,0.8605916816926672
United Nations Office for Disaster Risk Reduction (UNDRR),5,4.377552784129745,0.2989520162295642,0.03700277520814061,1,20,cosine,0.9,0.8605916816926672
UN Global Compact Office,1,0.8617641709916801,0.002255054883412856,0.0,4,42,cosine,0.9,0.8605916816926672
International Atomic Energy Agency (IAEA),11,9.80675960714833,0.7062782665517812,0.0851063829787234,1,6,cosine,0.9,0.8605916816926672
World Meteorological Organization (WMO),7,6.342174020975613,0.5415718111553185,0.04625346901017577,1,14,cosine,0.9,0.8605916816926672
Organisation for Economic Co-operation and Development (OECD),1,0.8607693689960585,0.011367487079537107,0.0,2,41,cosine,0.9,0.8605916816926672
 World Bank Group (WBG) ,2,1.7575519109066553,0.01673205435776516,0.0,4,40,cosine,0.9,0.8605916816926672
International Monetary Fund (IMF),0,0.0,0.0,0.0,6,43,cosine,0.9,0.8605916816926672
International Hydrographic Organization (IHO) ,6,5.4632887983084375,0.5210576016520172,0.005550416281221092,1,15,cosine,0.9,0.8605916816926672
 International Council for the Exploration of the Sea (ICES),11,9.708878912127107,0.9059979476947594,0.05550416281221092,1,3,cosine,0.9,0.8605916816926672
The Intergovernmental Science-Policy Platform on Biodiversity and Ecosystem Services (IPBES),0,0.0,0.0,0.0,7,43,cosine,0.9,0.8605916816926672
IPCC,9,7.9549299739405726,0.6687034541424716,0.023126734505087884,2,7,cosine,0.9,0.8605916816926672
World Trade Organization (WTO) ,11,9.746384965356137,0.8067970288493838,0.026827012025901945,1,5,cosine,0.9,0.8605916816926672
"International Organization for Migration (IOM)

",7,6.279153562403541,0.5941075503778405,0.008325624421831638,2,13,cosine,0.9,0.8605916816926672
United Nations Office for Project Services (UNOPS),0,0.0,0.0,0.0,8,43,cosine,0.9,0.8605916816926672
UN Entity for Gender Equality and the Empowerment of Women (UN-Women),8,7.021175279508681,0.6245013451036173,0.03700277520814061,2,10,cosine,0.9,0.8605916816926672
World Intellectual Property Organisation (WIPO),3,2.6252687252043345,0.19855921781712849,0.009250693802035153,2,24,cosine,0.9,0.8605916816926672
UN Population Fund (UNFPA),4,3.5605470128839745,0.1237383919086521,0.13691026827012026,4,29,cosine,0.9,0.8605916816926672
United Nations Human Settlements Programme (UN-Habitat),1,0.8698106074896527,0.03494954398079383,0.0,1,35,cosine,0.9,0.8605916816926672
World Food Programme (WFP),4,3.5812124733581006,0.29161343582122884,0.03700277520814061,3,21,cosine,0.9,0.8605916816926672
World Tourism Organization/UN Tourism (UNWTO),10,8.839313854882773,0.6089829981506012,0.05180388529139686,3,12,cosine,0.9,0.8605916816926672
UN Research Institute for Social Development (UNRISD),0,0.0,0.0,0.0,9,43,cosine,0.9,0.8605916816926672
"Secretariat of the Basel, Rotterdam and Stockholm Conventions (BRS)


",3,2.681951771162926,0.15180918363879264,0.03700277520814061,1,28,cosine,0.9,0.8605916816926672
"Secretariat of the Convention on Biological Diversity (CBD)

",3,2.6330998308113926,0.2559685540734741,0.0,2,22,cosine,0.9,0.8605916816926672
"
Secretariat of the Convention on International Trade in Endangered Species of Wild Fauna and Flora (CITES)

",1,0.8893183515555306,0.01814557046318032,0.0,1,38,cosine,0.9,0.8605916816926672
"
Secretariat of the Convention on Migratory Species (CMS)",1,0.8918487931070663,0.04439046005363354,0.0,2,33,cosine,0.9,0.8605916816926672
International Fund for Agricultural Development (IFAD),1,0.9307602297535186,0.03648049100169886,0.0,3,34,cosine,0.9,0.8605916816926672
"
International Trade Centre (ITC)",2,1.7745139187502879,0.017210638858891847,0.0,4,39,cosine,0.9,0.8605916816926672
Secretariat of the United Nations Convention to Combat Desertification (UNCCD),8,7.105995434544748,0.6139532297861907,0.006475485661424607,2,11,cosine,0.9,0.8605916816926672
United Nations University (UNU),0,0.0,0.0,0.0,10,43,cosine,0.9,0.8605916816926672
Ramsar Convention on Wetlands Secretariat (Ramsar) ,2,1.7584426281120566,0.1736604348060346,0.0,1,25,cosine,0.9,0.8605916816926672
Minamata Convention on Mercury (Minamata),7,6.094326506110013,0.639276640524743,0.0,1,9,cosine,0.9,0.8605916816926672
United Nations Office for Outer Space Affairs (UNOOSA),6,5.279007387276387,0.3703250498898796,0.039777983348751156,2,18,cosine,0.9,0.8605916816926672
United Nations Office on Drugs and Crime (UNODC),2,1.728358053074702,0.09825673715216884,0.03700277520814061,2,31,cosine,0.9,0.8605916816926672
